,array_size,nb_color,mu,lambda,mutation_rate,per 0.02,per 0.25,per 0.5,per 0.75,per 0.98,mean,std dev,count
0,1,1,1,1,1.0,1.0,1.0,1,1.0,1.0,1.0,0.0,15
1,2,2,1,1,0.5,1.0,1.0,3,3.5,15.319999999999993,4.066666666666666,4.667006790326362,15
2,4,4,1,1,0.25,9.68,19.5,34,40.5,74.75999999999996,33.333333333333336,19.05880623853696,15
3,8,8,1,1,0.125,122.24000000000001,186.5,234,318.5,571.32,288.3333333333333,155.64596578988696,15
4,16,16,1,1,0.0625,1307.76,1663.0,2269,3031.0,4954.7199999999975,2499.9333333333334,1102.7251611133124,15
5,32,32,1,1,0.03125,5534.24,7497.0,8427,11231.5,16616.039999999997,9440.4,3299.96218160148,15
6,64,64,1,1,0.015625,28051.6,37844.5,41506,46798.5,70748.47999999998,44194.53333333333,12229.525606186895,15
7,128,128,1,1,0.0078125,143334.24,160700.5,211083,225974.0,253009.91999999998,197100.33333333334,39450.45873292344,15
8,256,256,1,1,0.00390625,867953.0,867953.0,867953,867953.0,867953.0,867953.0,,1
