,array_size,nb_color,per 0.02,per 0.25,per 0.5,per 0.75,per 0.98,mean,std dev,count
0,1,1,0.0,0,0,0,0,0.0,0.0,30
1,2,2,1.0,1,2,3,5,2.3,1.3169976304537112,30
2,4,4,3.58,5,6,7,9,6.033333333333333,1.4499306364701428,30
3,8,8,17.0,17,17,17,17,17.0,,1
