,array_size,nb_color,per 0.02,per 0.25,per 0.5,per 0.75,per 0.98,mean,std dev,count
0,1,1,1.0,1,1,1,1.0,1.0,0.0,45
1,2,2,1.0,1,2,3,4.0,2.3777777777777778,1.133957047625079,45
2,4,4,11.52,76,164,199,241.23999999999998,141.6,68.78504065697584,45
3,8,8,1255927.0,6163844,7771397,13098828,14896442.879999999,8632855.888888888,4858003.180796391,9
