,array_size,nb_color,mu,lambda,mutation_rate,per 0.02,per 0.25,per 0.5,per 0.75,per 0.98,mean,std dev,count
0,1,1,2,1,1.0,2.0,2.0,2,2.0,2.0,2.0,0.0,15
1,1,1,10,6,1.0,10.0,10.0,10,10.0,10.0,10.0,0.0,15
2,2,2,2,1,0.5,2.0,2.5,3,4.5,15.47999999999999,4.666666666666667,4.134638810735237,15
3,2,2,10,6,0.5,10.0,13.0,16,16.0,16.0,14.4,2.7464262493023806,15
4,4,4,2,1,0.25,18.56,23.0,27,45.5,72.55999999999997,35.266666666666666,17.392390235250534,15
5,4,4,10,6,0.25,17.68,40.0,46,61.0,78.63999999999999,48.4,17.682921542712172,15
6,8,8,2,1,0.125,122.56,134.0,177,326.0,481.64,242.93333333333334,133.19505925342656,15
7,8,8,10,6,0.125,139.36,172.0,184,241.0,403.1199999999999,217.6,79.07392562839986,15
8,16,16,2,1,0.0625,839.8000000000001,963.0,1342,2351.5,2625.92,1552.2,729.2310235544602,15
9,16,16,10,6,0.0625,526.72,793.0,1018,1216.0,1624.48,1033.6,334.5565935469129,15
10,32,32,2,1,0.03125,3719.6400000000003,4577.5,5345,7144.0,13422.759999999998,6537.533333333334,3094.9848111020483,15
11,32,32,10,6,0.03125,3300.64,4024.0,5026,6439.0,9895.119999999999,5548.4,2015.5209464836346,15
12,64,64,2,1,0.015625,20285.48,28036.5,30694,31764.0,42031.84,30862.266666666666,6039.868310611069,15
13,64,64,10,6,0.015625,20412.64,22060.0,25858,30442.0,59236.71999999999,30342.4,12771.793501977036,15
14,128,128,2,1,0.0078125,168539.0,168539.0,168539,168539.0,168539.0,168539.0,,1
15,128,128,10,6,0.0078125,125638.0,125638.0,125638,125638.0,125638.0,125638.0,,1
