,array_size,nb_color,per 0.02,per 0.25,per 0.5,per 0.75,per 0.98,mean,std dev,count
0,1,1,1.0,1.0,1,1.0,1.0,1.0,0.0,15
1,2,2,1.0,2.0,3,4.0,5.0,2.8,1.3732131246511903,15
2,4,4,5.68,10.5,13,24.5,41.72,18.4,11.666802720295124,15
3,8,8,67.12,109.5,159,215.0,285.79999999999995,161.73333333333332,70.6727535563607,15
4,16,16,501.0,714.5,848,981.5,1524.8799999999997,883.0,288.1140647134643,15
5,32,32,2078.3999999999996,4093.0,4276,4723.5,6293.479999999998,4250.666666666667,1129.8593254198042,15
6,64,64,13247.56,14633.5,20937,24208.0,27993.96,19967.133333333335,5379.733488707764,15
7,128,128,66483.76000000001,75320.5,83684,87236.5,117226.23999999999,84380.93333333333,14373.75322526974,15
8,256,256,313078.72,358965.0,382312,417418.0,494008.95999999996,394791.8,56323.93403239616,15
